Clinical category,Episode type,def_sub,Episode name,General practice,Family practice,Internal medicine,Pediatric medicine,Geriatric medicine,Nurse practitioner,Certified clinical nurse specialist,Physician assistant,Hospitalist,Allergy/immunology,Otolaryngology,Cardiology,Dermatology,Gastroenterology,Osteopathic manipulative medicine,Neurology,Hospice and palliative care,Ophthalmology,Optometry,Sports medicine,Psychiatry,Geriatric psychiatry,Neuropsychiatry,Psychologist,Clinical psychologist,Clinical social worker,Addiction medicine,Pulmonary disease,Urology,Chiropractic,Nephrology,Infectious disease,Endocrinology,Rheumatology,Hematology,Hematology/oncology,Medical oncology,Gynecological/oncology,Obstetrics/gynecology,Advanced heart failure and transplant cardiology,Audiologist,Anesthesiology,Interventional pain management,Pain management,Physical medicine and rehabilitation,General surgery,Neurosurgery,Podiatry,Orthopedic surgery,Plastic and reconstructive surgery,Colorectal surgery,Hand surgery,Cardiac electrophysiology,Thoracic surgery,Vascular surgery,Cardiac surgery,Interventional cardiology,Maxillofacial surgery,Surgical oncology,Radiation oncology,Interventional radiology,Hematopoietic cell transplantation and cellular therapy,Micrographic Dermatologic Surgery (MDS),,,,,,,,,,
Blood diseases,Chronic Medical,PPI_CH_MED_Y020,Anemia chronic,01,08,11,37,38,,,,,,,,,,,,,,,,,,,,,,,,,,39,,,,82,83,90,,,,,,,,,,,,,,,,,,,,,,,,,C9,,,,,,,,,,,
Blood diseases,Chronic Medical,PPI_CH_MED_Y030,Immune deficiency disease,01,08,11,,38,,,,,03,,,,,,,,,,,,,,,,,,,,,,44,,,82,83,90,,,,,,,,,,,,,,,,,,,,,,,,,,,,,,,,,,,,
Blood diseases,Chronic Medical,PPI_CH_MED_Y028,Neutropenia,01,08,11,37,38,,,,,,,,,,,,,,,,,,,,,,,,,,,,,,82,83,90,,,,,,,,,,,,,,,,,,,,,,,,,C9,,,,,,,,,,,
Blood diseases,Chronic Medical,PPI_CH_MED_Y026,Purpura and thrombocytopenia,01,08,11,37,38,,,,,,,,,,,,,,,,,,,,,,,,,,,,,66,82,83,90,,,,,,,,,,,,,,,,,,,,,,,,,C9,,,,,,,,,,,
Blood diseases,IP Medical,PPI_IP_MED_M083,Anemia,01,08,11,,,,,,C6,,,,,,,,,,,,,,,,,,,,,,,,,,82,83,90,,,,,,,,,,,,,,,,,,,,,,,,,C9,,,,,,,,,,,
Cancer,OP Medical Oncology,PPI_CHEMO_01,Med Onc - Breast cancer,,,,,,,,,,,,,,,,,,,,,,,,,,,,,,,,,,,,83,90,,,,,,,,,,,,,,,,,,,,,,,,,,,,,,,,,,,,
Cancer,OP Medical Oncology,PPI_CHEMO_02,Med Onc - Chronic leukemia,,,,,,,,,,,,,,,,,,,,,,,,,,,,,,,,,,,82,83,90,,,,,,,,,,,,,,,,,,,,,,,,,C9,,,,,,,,,,,
Cancer,OP Medical Oncology,PPI_CHEMO_03,Med Onc - Lung cancer,,,,,,,,,,,,,,,,,,,,,,,,,,,,,,,,,,,,83,90,,,,,,,,,,,,,,,,,,,,,,,,,,,,,,,,,,,,
Cancer,OP Medical Oncology,PPI_CHEMO_04,Med Onc - Lymphoma,,,,,,,,,,,,,,,,,,,,,,,,,,,,,,,,,,,82,83,90,,,,,,,,,,,,,,,,,,,,,,,,,C9,,,,,,,,,,,
Cancer,OP Medical Oncology,PPI_CHEMO_05,Med Onc - Multiple myeloma,,,,,,,,,,,,,,,,,,,,,,,,,,,,,,,,,,,82,83,90,,,,,,,,,,,,,,,,,,,,,,,,,C9,,,,,,,,,,,
Cancer,OP Medical Oncology,PPI_CHEMO_06,Med Onc - Prostate cancer,,,,,,,,,,,,,,,,,,,,,,,,,,,,,,,,,,,,83,90,,,,,,,,,,,,,,,,,,,,,,,,,,,,,,,,,,,,
Cancer,OP Medical Oncology,PPI_CHEMO_07,Med Onc - Small intestine/colorectal cancer,,,,,,,,,,,,,,,,,,,,,,,,,,,,,,,,,,,,83,90,,,,,,,,,,,,,,,,,,,,,,,,,,,,,,,,,,,,
Cancer,Radiation Oncology,PPI_RO_01,Rad Onc - Anal cancer,,,,,,,,,,,,,,,,,,,,,,,,,,,,,,,,,,,,,,,,,,,,,,,,,,,,,,,,,,,,92,,,,,,,,,,,,,
Cancer,Radiation Oncology,PPI_RO_02,Rad Onc - Bladder cancer,,,,,,,,,,,,,,,,,,,,,,,,,,,,,,,,,,,,,,,,,,,,,,,,,,,,,,,,,,,,92,,,,,,,,,,,,,
Cancer,Radiation Oncology,PPI_RO_03,Rad Onc - Bone metastases,,,,,,,,,,,,,,,,,,,,,,,,,,,,,,,,,,,,,,,,,,,,,,,,,,,,,,,,,,,,92,,,,,,,,,,,,,
Cancer,Radiation Oncology,PPI_RO_04,Rad Onc - Brain metastases,,,,,,,,,,,,,,,,,,,,,,,,,,,,,,,,,,,,,,,,,,,,,,,,,,,,,,,,,,,,92,,,,,,,,,,,,,
Cancer,Radiation Oncology,PPI_RO_05,Rad Onc - Breast cancer,,,,,,,,,,,,,,,,,,,,,,,,,,,,,,,,,,,,,,,,,,,,,,,,,,,,,,,,,,,,92,,,,,,,,,,,,,
Cancer,Radiation Oncology,PPI_RO_06,Rad Onc - Cervical cancer,,,,,,,,,,,,,,,,,,,,,,,,,,,,,,,,,,,,,,,,,,,,,,,,,,,,,,,,,,,,92,,,,,,,,,,,,,
Cancer,Radiation Oncology,PPI_RO_07,Rad Onc - CNS tumors,,,,,,,,,,,,,,,,,,,,,,,,,,,,,,,,,,,,,,,,,,,,,,,,,,,,,,,,,,,,92,,,,,,,,,,,,,
Cancer,Radiation Oncology,PPI_RO_08,Rad Onc - Colorectal cancer,,,,,,,,,,,,,,,,,,,,,,,,,,,,,,,,,,,,,,,,,,,,,,,,,,,,,,,,,,,,92,,,,,,,,,,,,,
Cancer,Radiation Oncology,PPI_RO_09,Rad Onc - Hand and neck cancer,,,,,,,,,,,,,,,,,,,,,,,,,,,,,,,,,,,,,,,,,,,,,,,,,,,,,,,,,,,,92,,,,,,,,,,,,,
Cancer,Radiation Oncology,PPI_RO_10,Rad Onc - Lung cancer,,,,,,,,,,,,,,,,,,,,,,,,,,,,,,,,,,,,,,,,,,,,,,,,,,,,,,,,,,,,92,,,,,,,,,,,,,
Cancer,Radiation Oncology,PPI_RO_11,Rad Onc - Lymphoma,,,,,,,,,,,,,,,,,,,,,,,,,,,,,,,,,,,,,,,,,,,,,,,,,,,,,,,,,,,,92,,,,,,,,,,,,,
Cancer,Radiation Oncology,PPI_RO_12,Rad Onc - Pancreatic cancer,,,,,,,,,,,,,,,,,,,,,,,,,,,,,,,,,,,,,,,,,,,,,,,,,,,,,,,,,,,,92,,,,,,,,,,,,,
Cancer,Radiation Oncology,PPI_RO_13,Rad Onc - Prostate cancer,,,,,,,,,,,,,,,,,,,,,,,,,,,,,,,,,,,,,,,,,,,,,,,,,,,,,,,,,,,,92,,,,,,,,,,,,,
Cancer,Radiation Oncology,PPI_RO_14,Rad Onc - Upper GI cancer,,,,,,,,,,,,,,,,,,,,,,,,,,,,,,,,,,,,,,,,,,,,,,,,,,,,,,,,,,,,92,,,,,,,,,,,,,
Cancer,Radiation Oncology,PPI_RO_15,Rad Onc - Uterine cancer,,,,,,,,,,,,,,,,,,,,,,,,,,,,,,,,,,,,,,,,,,,,,,,,,,,,,,,,,,,,92,,,,,,,,,,,,,
Circulatory system diseases,Chronic Medical,PPI_CH_MED_Y164,Aneurysm,01,08,11,,38,,,,,,,06,,,,,,,,,,,,,,,,,,,,,,,,,,,,,,,,,,,,,,,,,,,,,,,,,,,,,,,,,,,,,
Circulatory system diseases,Chronic Medical,PPI_CH_MED_Y149,Atrial fibrillation and flutter,01,08,11,,38,,,,,,,06,,,,,,,,,,,,,,,,,,,,,,,,,,,,,,,,,,,,,,,,,21,,,,,,,,,,,,,,,,,,,,
Circulatory system diseases,Chronic Medical,PPI_CH_MED_Y150,Cardiomyopathy,01,08,11,,38,,,,,,,06,,,,,,,,,,,,,,,,,,,,,,,,,,,,C7,,,,,,,,,,,,,,,,,,,,,,,,,,,,,,,,,
Circulatory system diseases,Chronic Medical,PPI_CH_MED_Y106,Cerebrovascular disease,01,08,11,,38,,,,,,,06,,,,13,,,,,,,,,,,,,,,,,,,,,,,,,,,,,,,,,,,,,,,,,,,,,,,,,,,,,,,,,
Circulatory system diseases,Chronic Medical,PPI_CH_MED_Y162,Chronic cutaneous ulcer,01,08,11,,38,,,,,,,06,,,,,,,,,,,,,,,,,,,,,,,,,,,,,,,,,25,,,48,,24,,,,,77,,,,,,,,,,,,,,,,,,
Circulatory system diseases,Chronic Medical,PPI_CH_MED_Y170,Chronic embolism/thrombosis,01,08,11,,38,,,,,,,06,,,,,,,,,,,,,,,,,,,,,,,,83,,,,,,,,,,,,,,,,,,,,,,,,,,,,,,,,,,,,,
Circulatory system diseases,Chronic Medical,PPI_CH_MED_Y151,Heart block,01,08,11,,38,,,,,,,06,,,,,,,,,,,,,,,,,,,,,,,,,,,,,,,,,,,,,,,,,21,,,,,,,,,,,,,,,,,,,,
Circulatory system diseases,Chronic Medical,PPI_CH_MED_Y144,Heart Failure,01,08,11,,38,,,,,,,06,,,,,,,,,,,,,,,,,,,,,,,,,,,,C7,,,,,,,,,,,,,,,,,,,,,,,,,,,,,,,,,
Circulatory system diseases,Chronic Medical,PPI_CH_MED_Y145,Heart valve disorders,01,08,11,,38,,,,,,,06,,,,,,,,,,,,,,,,,,,,,,,,,,,,,,,,,,,,,,,,,,,,,,,,,,,,,,,,,,,,,
Circulatory system diseases,Chronic Medical,PPI_CH_MED_Y131,Hypertension,01,08,11,37,38,,,,,,,06,,,,,,,,,,,,,,,,,,,,,,,,,,,,,,,,,,,,,,,,,,,,,,,,,,,,,,,,,,,,,
Circulatory system diseases,Chronic Medical,PPI_CH_MED_Y146,Ischemic heart diseases,01,08,11,,38,,,,,,,06,,,,,,,,,,,,,,,,,,,,,,,,,,,,,,,,,,,,,,,,,,,,,,,,,,,,,,,,,,,,,
Circulatory system diseases,Chronic Medical,PPI_CH_MED_Y173,Lymphedema,01,08,11,,38,,,,,,,06,,,,,,,,,,,,,,,,,,,,,,,,83,90,,,,,,,,25,,,,,24,,,,,77,,,,91,,,,,,,,,,,,,,
Circulatory system diseases,Chronic Medical,PPI_CH_MED_Y148,Paroxysmal supraventricular tachycardia,01,08,11,,38,,,,,,,06,,,,,,,,,,,,,,,,,,,,,,,,,,,,,,,,,,,,,,,,,21,,,,,,,,,,,,,,,,,,,,
Circulatory system diseases,Chronic Medical,PPI_CH_MED_Y161,Peripheral asvd,01,08,11,,38,,,,,,,06,,,,,,,,,,,,,,,,,,,,,,,,,,,,,,,,,,,,48,,,,,,,77,,,,,,,,,,,,,,,,,,
Circulatory system diseases,Chronic Medical,PPI_CH_MED_Y147,Pulmonary heart disease,01,08,11,,38,,,,,,,06,,,,,,,,,,,,,,,,29,,,,,,,,,,,,,,,,,,,,,,,,,,,,,,,,,,,,,,,,,,,,,
Circulatory system diseases,Chronic Medical,PPI_CH_MED_Y154,Sick sinus syndrome,01,08,11,,38,,,,,,,06,,,,,,,,,,,,,,,,,,,,,,,,,,,,,,,,,,,,,,,,,21,,,,,,,,,,,,,,,,,,,,
Circulatory system diseases,Chronic Medical,PPI_CH_MED_Y171,Venous insufficiency varicosities,01,08,11,,38,,,,,,,06,,,,,,,,,,,,,,,,,,,,,,,,,,,,,,,,,,,,,,,,,,,77,,,,,,,,,,,,,,,,,,
Circulatory system diseases,Chronic Medical,PPI_CH_MED_Y153,Ventricular tachycardia,01,08,11,,38,,,,,,,06,,,,,,,,,,,,,,,,,,,,,,,,,,,,,,,,,,,,,,,,,21,,,,,,,,,,,,,,,,,,,,
Circulatory system diseases,IP Medical,PPI_IP_MED_M029,Acute myocardial infarction,01,08,11,,,,,,C6,,,06,,,,,,,,,,,,,,,,,,,,,,,,,,,,,,,,,,,,,,,,,,,,,,,,,,,,,,,,,,,,,
Circulatory system diseases,IP Medical,PPI_IP_MED_M034,Atherosclerosis,01,08,11,,,,,,C6,,,06,,,,,,,,,,,,,,,,,,,,,,,,,,,,,,,,,,,,,,,,,,,,,,,,,,,,,,,,,,,,,
Circulatory system diseases,IP Medical,PPI_IP_MED_M037,Cardiac arrhythmia,01,08,11,,,,,,C6,,,06,,,,,,,,,,,,,,,,,,,,,,,,,,,,,,,,,,,,,,,,,21,,,,,,,,,,,,,,,,,,,,
Circulatory system diseases,IP Medical,PPI_IP_MED_M040,Chest pain,01,08,11,,,,,,C6,,,06,,,,,,,,,,,,,,,,,,,,,,,,,,,,,,,,,,,,,,,,,,,,,,,,,,,,,,,,,,,,,
Circulatory system diseases,IP Medical,PPI_IP_MED_M030,"Circulatory disorders except ami, w card cath",01,08,11,,,,,,C6,,,06,,,,,,,,,,,,,,,,,,,,,,,,,,,,,,,,,,,,,,,,,,,,,C3,,,,,,,,,,,,,,,,
Circulatory system diseases,IP Medical,PPI_IP_MED_M032,Congestive heart failure,01,08,11,,,,,,C6,,,06,,,,,,,,,,,,,,,,,,,,,,,,,,,,C7,,,,,,,,,,,,,,,,,,,,,,,,,,,,,,,,,
Circulatory system diseases,IP Medical,PPI_IP_MED_M035,Hypertension,01,08,11,,,,,,C6,,,06,,,,,,,,,,,,,,,,,,,,,,,,,,,,,,,,,,,,,,,,,,,,,,,,,,,,,,,,,,,,,
Circulatory system diseases,IP Medical,PPI_IP_MED_M033,Peripheral vascular disorders,01,08,11,,,,,,C6,,,06,,,,,,,,,,,,,,,,,,,,,,,,,,,,,,,,,,,,,,,,,,,77,,,,,,,,,,,,,,,,,,
Circulatory system diseases,IP Medical,PPI_IP_MED_M019,Pulmonary embolism,01,08,11,,,,,,C6,,,06,,,,,,,,,,,,,,,,,,,,,,,,,,,,,,,,,,,,,,,,,,,,,,,,,,,,,,,,,,,,,
Circulatory system diseases,IP Medical,PPI_IP_MED_M039,Syncope & collapse,01,08,11,,,,,,C6,,,06,,,,,,,,,,,,,,,,,,,,,,,,,,,,,,,,,,,,,,,,,21,,,,,,,,,,,,,,,,,,,,
Circulatory system diseases,IP or OP/ASC Procedure,PPI_IOP_PROC_P20,Implatation of permanent pacemaker/defibrillator/AICD,,,,,,,,,,,,06,,,,,,,,,,,,,,,,,,,,,,,,,,,,,,,,,,,,,,,,,21,,,,C3,,,,,,,,,,,,,,,,
Circulatory system diseases,IP or OP/ASC Procedure,PPI_IOP_PROC_P24,Pacemaker replacement or revision,,,,,,,,,,,,06,,,,,,,,,,,,,,,,,,,,,,,,,,,,,,,,,,,,,,,,,21,,,,C3,,,,,,,,,,,,,,,,
Circulatory system diseases,IP or OP/ASC Procedure,PPI_IOP_PROC_P25,Percutaneous cardiac intervention,,,,,,,,,,,,06,,,,,,,,,,,,,,,,,,,,,,,,,,,,,,,,,,,,,,,,,,,,,C3,,,,,,,,,,,,,,,,
Circulatory system diseases,IP Procedure,PPI_IP_PROC_P17,Aortic and heart assist procedures except for pulsation balloon,,,,,,,,,,,,06,,,,,,,,,,,,,,,,,,,,,,,,,,,,,,,,,,02,,,,,,,,33,77,78,,,,,,,,,,,,,,,,,
Circulatory system diseases,IP Procedure,PPI_IP_PROC_P18,Cardiac valve surgery,,,,,,,,,,,,06,,,,,,,,,,,,,,,,,,,,,,,,,,,,,,,,,,,,,,,,,,33,,78,,,,,,,,,,,,,,,,,
Circulatory system diseases,IP Procedure,PPI_IP_PROC_P19,Coronary artery bypass graft,,,,,,,,,,,,06,,,,,,,,,,,,,,,,,,,,,,,,,,,,,,,,,,,,,,,,,,33,,78,,,,,,,,,,,,,,,,,
Circulatory system diseases,OP Acute Medical,PPI_AC_MED_X156,Acute DVT extremity/NOS,01,08,11,37,38,,,,,,,06,,,,,,,,,,,,,,,,,,,,,,,82,83,,,,,,,,,,,,,,,,,,,77,,,,,,,,,,,,,,,,,,
Circulatory system diseases,OP Acute Medical,PPI_AC_MED_X155,Arterial thromboembolism,01,08,11,,38,,,,,,,06,,,,,,,,,,,,,,,,,,,,,,,82,83,,,,,,,,,,02,,,,,,,,,77,,,,,,,,,,,,,,,,,,
Circulatory system diseases,OP Acute Medical,PPI_AC_MED_X526,Atherosclerosis aorta,01,08,11,,38,,,,,,,06,,,,,,,,,,,,,,,,,,,,,,,,,,,,,,,,,,,,,,,,,,,77,,,,,,,,,,,,,,,,,,
Circulatory system diseases,OP Acute Medical,PPI_AC_MED_X528,Endocarditis,01,08,11,,38,,,,,,,06,,,,,,,,,,,,,,,,,,,,44,,,,,,,,,,,,,,,,,,,,,,,,,C3,,,,,,,,,,,,,,,,
Circulatory system diseases,OP Acute Medical,PPI_AC_MED_X162,Hypotension,01,08,11,37,38,,,,,,,06,,,,,,,,,,,,,,,,,,,,,,,,,,,,,,,,,,,,,,,,,,,,,,,,,,,,,,,,,,,,,
Circulatory system diseases,OP/ASC or Office Procedure,PPI_PR_PROC_P506,Leg revascularization,,,,,,,,,,,,06,,,,,,,,,,,,,,,,,,,,,,,,,,,,,,,,,,02,,,,,,,,,77,,C3,,,,,,,,,,,,,,,,
Circulatory system diseases,OP/ASC or Office Procedure,PPI_PR_PROC_P505,Leg vein ablation,,,,,,,,,,,,06,,,,,,,,,,,,,,,,,,,,,,,,,,,,,,,,,,02,,,,,,,,,77,,C3,,,,,,,,,,,,,,,,
Circulatory system diseases,OP/ASC Procedure,PPI_OP_PROC_P201,AV fistula creation and revision,,,,,,,,,,,,06,,,,,,,,,,,,,,,,,,,,,,,,,,,,,,,,,,02,,,,,,,,,77,,,,,,,,,,,,,,,,,,
Circulatory system diseases,OP/ASC Procedure,PPI_OP_PROC_P203,Cardiac catheterization,,,,,,,,,,,,06,,,,,,,,,,,,,,,,,,,,,,,,,,,,,,,,,,,,,,,,,,,,,C3,,,,,,,,,,,,,,,,
Ear and mastoid diseases,Chronic Medical,PPI_CH_MED_Y141,Chronic otitis media,01,08,11,37,38,50,89,97,,,04,,,,,,,,,,,,,,,,,,,,,,,,,,,,,,,,,,,,,,,,,,,,,,,,,,,,,,,,,,,,,,
Ear and mastoid diseases,Chronic Medical,PPI_CH_MED_Y143,Deafness and Hearing Impairment,01,08,11,37,38,,,,,,04,,,,,,,,,,,,,,,,,,,,,,,,,,,,,,64,,,,,,,,,,,,,,,,,,,,,,,,,,,,,,,,
Ear and mastoid diseases,IP Medical,PPI_IP_MED_M014,Disequilibrium,01,08,11,37,38,,,,C6,,04,,,,,,,,,,,,,,,,,,,,,,,,,,,,,,,,,,,,,,,,,,,,,,,,,,,,,,,,,,,,,,
Ear and mastoid diseases,OP Acute Medical,PPI_AC_MED_X122,Acute otitis media,01,08,11,37,38,50,89,97,,,04,,,,,,,,,,,,,,,,,,,,,,,,,,,,,,,,,,,,,,,,,,,,,,,,,,,,,,,,,,,,,,
Ear and mastoid diseases,OP Acute Medical,PPI_AC_MED_X128,Dizziness/vertigo associated conditions,01,08,11,37,38,50,89,97,,,04,,,,,13,,,,,,,,,,,,,,,,,,,,,,,,,,,,,,,,,,,,,,,,,,,,,,,,,,,,,,,,,
Ear and mastoid diseases,OP Acute Medical,PPI_AC_MED_X124,Eustachian tube disorders,01,08,11,37,38,50,89,97,,,04,,,,,,,,,,,,,,,,,,,,,,,,,,,,,,,,,,,,,,,,,,,,,,,,,,,,,,,,,,,,,,
Ear and mastoid diseases,OP Acute Medical,PPI_AC_MED_X121,Impacted cerumen,01,08,11,37,38,50,89,97,,,04,,,,,,,,,,,,,,,,,,,,,,,,,,,,,,,,,,,,,,,,,,,,,,,,,,,,,,,,,,,,,,
Ear and mastoid diseases,OP Acute Medical,PPI_AC_MED_X120,Otitis externa,01,08,11,37,38,50,89,97,,,04,,,,,,,,,,,,,,,,,,,,,,,,,,,,,,,,,,,,,,,,,,,,,,,,,,,,,,,,,,,,,,
Ear and mastoid diseases,OP Acute Medical,PPI_AC_MED_X130,Tinnitus,01,08,11,37,38,50,89,97,,,04,,,,,,,,,,,,,,,,,,,,,,,,,,,,,,,,,,,,,,,,,,,,,,,,,,,,,,,,,,,,,,
Endocrine/metabolic diseases,Chronic Medical,PPI_CH_MED_Y041,Diabetes,01,08,11,37,38,50,89,,,,,,,,,,,,,,,,,,,,,,,,,,46,,,,,,,,,,,,,,,,,,,,,,,,,,,,,,,,,,,,,,,,
Endocrine/metabolic diseases,Chronic Medical,PPI_CH_MED_Y037,Goiter,01,08,11,37,38,50,89,,,,,,,,,,,,,,,,,,,,,,,,,,46,,,,,,,,,,,,,,,,,,,,,,,,,,,,,,,,,,,,,,,,
Endocrine/metabolic diseases,Chronic Medical,PPI_CH_MED_Y061,Hyperlipidemia,01,08,11,37,38,50,89,,,,,06,,,,,,,,,,,,,,,,,,,,,46,,,,,,,,,,,,,,,,,,,,,,,,,,,,,,,,,,,,,,,,
Endocrine/metabolic diseases,Chronic Medical,PPI_CH_MED_Y036,Hypothyroidism,01,08,11,37,38,50,89,,,,,,,,,,,,,,,,,,,,,,,,,,46,,,,,,,,,,,,,,,,,,,,,,,,,,,,,,,,,,,,,,,,
Endocrine/metabolic diseases,Chronic Medical,PPI_CH_MED_Y057,Obesity/overweight,01,08,11,37,38,,,,,,,06,,,,,,,,,,,,,,,,,,,,,46,,,,,,,,,,,,,,,,,,,,,,,,,,,,,,,,,,,,,,,,
Endocrine/metabolic diseases,Chronic Medical,PPI_CH_MED_Y045,Parathyroid disease,01,08,11,37,38,,,,,,,,,,,,,,,,,,,,,,,,,,39,,46,,,,,,,,,,,,,,,,,,,,,,,,,,,,,,,,,,,,,,,,
Endocrine/metabolic diseases,Chronic Medical,PPI_CH_MED_Y053,Testicular dysfunction,01,08,11,37,38,,,,,,,,,,,,,,,,,,,,,,,,34,,,,46,,,,,,,,,,,,,,,,,,,,,,,,,,,,,,,,,,,,,,,,
Endocrine/metabolic diseases,Chronic Medical,PPI_CH_MED_Y038,Thyrotoxicosis w/o goiter,01,08,11,37,38,,,,,,,,,,,,,,,,,,,,,,,,,,,,46,,,,,,,,,,,,,,,,,,,,,,,,,,,,,,,,,,,,,,,,
Endocrine/metabolic diseases,IP Medical,PPI_IP_MED_M068,Diabetes,01,08,11,37,38,,,,C6,,,,,,,,,,,,,,,,,,,,,,,,46,,,,,,,,,,,,,,,,,,,,,,,,,,,,,,,,,,,,,,,,
Endocrine/metabolic diseases,IP Medical,PPI_IP_MED_M069,Fluids and electrolyte disorders,01,08,11,37,38,,,,C6,,,,,10,,,,,,,,,,,,,,,,,39,,46,,,,,,,,,,,,,,,,,,,,,,,,,,,,,,,,,,,,,,,,
Endocrine/metabolic diseases,IP or OP/ASC Procedure,PPI_IOP_PROC_P06,Thyroidectomy and parathyroidectomy,,,,,,,,,,,04,,,,,,,,,,,,,,,,,,,,,,,,,,,,,,,,,,,02,,,,,,,,,,,,,,,,,,,,,,,,,,,
Endocrine/metabolic diseases,OP Acute Medical,PPI_AC_MED_X078,"Diabetic Emergency, Hypo- Hyper-glycemia",01,08,11,37,38,50,89,97,,,,,,,,,,,,,,,,,,,,,,,,,46,,,,,,,,,,,,,,,,,,,,,,,,,,,,,,,,,,,,,,,,
Endocrine/metabolic diseases,OP Acute Medical,PPI_AC_MED_X094,Fluid and Electrolyte disturbances,01,08,11,37,38,50,89,97,,,,,,,,,,,,,,,,,,,,,,,39,,46,,,83,90,,,C7,,,,,,,,,,,,,,,,,,,,,,,,,,,,,,,,,
Endocrine/metabolic diseases,OP Acute Medical,PPI_AC_MED_X092,Hypercalcemia,01,08,11,37,38,,,,,,,,,,,,,,,,,,,,,,,,,,39,,46,,,,,,,,,,,,,,,,,,,,,,,,,,,,,,,,,,,,,,,,
Endocrine/metabolic diseases,OP Acute Medical,PPI_AC_MED_X075,Vitamin B deficiency,01,08,11,37,38,50,89,97,,,,,,,,,,,,,,,,,,,,,,,,,46,,,,,,,,,,,,,,,,,,,,,,,,,,,,,,,,,,,,,,,,
Endocrine/metabolic diseases,OP Acute Medical,PPI_AC_MED_X087,Vitamin D deficiency,01,08,11,37,38,50,89,97,,,,,,,,,,,,,,,,,,,,,,,,,46,,,,,,,,,,,,,,,,,,,,,,,,,,,,,,,,,,,,,,,,
Eye and adnexa diseases,Chronic Medical,PPI_CH_MED_Y134,Age-related macular degeneration,,,,,,,,,,,,,,,,,,18,,,,,,,,,,,,,,,,,,,,,,,,,,,,,,,,,,,,,,,,,,,,,,,,,,,,,,,
Eye and adnexa diseases,Chronic Medical,PPI_CH_MED_Y042,Cataract,,,,,,,,,,,,,,,,,,18,,,,,,,,,,,,,,,,,,,,,,,,,,,,,,,,,,,,,,,,,,,,,,,,,,,,,,,
Eye and adnexa diseases,Chronic Medical,PPI_CH_MED_Y135,Glaucoma,,,,,,,,,,,,,,,,,,18,,,,,,,,,,,,,,,,,,,,,,,,,,,,,,,,,,,,,,,,,,,,,,,,,,,,,,,
Eye and adnexa diseases,Chronic Medical,PPI_CH_MED_Y128,Retinal detachment,,,,,,,,,,,,,,,,,,18,,,,,,,,,,,,,,,,,,,,,,,,,,,,,,,,,,,,,,,,,,,,,,,,,,,,,,,
Eye and adnexa diseases,Chronic Medical,PPI_CH_MED_Y129,Retinal vascular occlusion,,,,,,,,,,,,,,,,,,18,,,,,,,,,,,,,,,,,,,,,,,,,,,,,,,,,,,,,,,,,,,,,,,,,,,,,,,
Eye and adnexa diseases,Chronic Medical,PPI_CH_MED_Y137,Visual impairment/blind,,,,,,,,,,,,,,,,,,18,,,,,,,,,,,,,,,,,,,,,,,,,,,,,,,,,,,,,,,,,,,,,,,,,,,,,,,
Eye and adnexa diseases,Chronic Medical,PPI_CH_MED_Y136,Vitreous opacities/degeneration,,,,,,,,,,,,,,,,,,18,,,,,,,,,,,,,,,,,,,,,,,,,,,,,,,,,,,,,,,,,,,,,,,,,,,,,,,
Eye and adnexa diseases,OP Acute Medical,PPI_AC_MED_X024,Conjunctivitis,01,08,11,37,38,50,89,97,,,,,,,,,,18,41,,,,,,,,,,,,,,,,,,,,,,,,,,,,,,,,,,,,,,,,,,,,,,,,,,,,,,
Eye and adnexa diseases,OP Acute Medical,PPI_AC_MED_X108,Dry eye syndrome,01,08,11,,38,50,89,,,,,,,,,,,18,41,,,,,,,,,,,,,,,,,,,,,,,,,,,,,,,,,,,,,,,,,,,,,,,,,,,,,,
Eye and adnexa diseases,OP Acute Medical,PPI_AC_MED_X021,Episcleritis and scleritis,,,,,,,,,,,,,,,,,,18,41,,,,,,,,,,,,,,,,,,,,,,,,,,,,,,,,,,,,,,,,,,,,,,,,,,,,,,
Eye and adnexa diseases,OP Acute Medical,PPI_AC_MED_X047,Hereditary corneal dystrophies,,,,,,,,,,,,,,,,,,18,41,,,,,,,,,,,,,,,,,,,,,,,,,,,,,,,,,,,,,,,,,,,,,,,,,,,,,,
Eye and adnexa diseases,OP Acute Medical,PPI_AC_MED_X116,Hypertensive retinopathy,,,,,,,,,,,,,,,,,,18,41,,,,,,,,,,,,,,,,,,,,,,,,,,,,,,,,,,,,,,,,,,,,,,,,,,,,,,
Eye and adnexa diseases,OP Acute Medical,PPI_AC_MED_X110,Inflammation eyelid,01,08,11,37,38,50,89,,,,,,,,,,,18,41,,,,,,,,,,,,,,,,,,,,,,,,,,,,,,,,,,,,,,,,,,,,,,,,,,,,,,
Eye and adnexa diseases,OP Acute Medical,PPI_AC_MED_X031,Iridocyclitis,,,,,,,,,,,,,,,,,,18,41,,,,,,,,,,,,,,,,,,,,,,,,,,,,,,,,,,,,,,,,,,,,,,,,,,,,,,
Eye and adnexa diseases,OP Acute Medical,PPI_AC_MED_X093,Keratoconjunctivitis,,,,,,,,,,,,,,,,,,18,41,,,,,,,,,,,,,,,,,,,,,,,,,,,,,,,,,,,,,,,,,,,,,,,,,,,,,,
Eye and adnexa diseases,OP Acute Medical,PPI_AC_MED_X118,Visual disturbances,01,08,11,37,38,,,,,,,,,,,,,18,41,,,,,,,,,,,,,,,,,,,,,,,,,,,,,,,,,,,,,,,,,,,,,,,,,,,,,,
Eye and adnexa diseases,OP/ASC or Office Procedure,PPI_PR_PROC_P512,Cataract surgery sec mem,,,,,,,,,,,,,,,,,,18,,,,,,,,,,,,,,,,,,,,,,,,,,,,,,,,,,,,,,,,,,,,,,,,,,,,,,,
Eye and adnexa diseases,OP/ASC or Office Procedure,PPI_PR_PROC_P507,Glaucoma surgery,,,,,,,,,,,,,,,,,,18,,,,,,,,,,,,,,,,,,,,,,,,,,,,,,,,,,,,,,,,,,,,,,,,,,,,,,,
Eye and adnexa diseases,OP/ASC or Office Procedure,PPI_PR_PROC_P504,Retina and vitreous procedures,,,,,,,,,,,,,,,,,,18,,,,,,,,,,,,,,,,,,,,,,,,,,,,,,,,,,,,,,,,,,,,,,,,,,,,,,,
Eye and adnexa diseases,OP/ASC or Office Procedure,PPI_PR_PROC_P503,Retina/choroid destructive therapy,,,,,,,,,,,,,,,,,,18,,,,,,,,,,,,,,,,,,,,,,,,,,,,,,,,,,,,,,,,,,,,,,,,,,,,,,,
Eye and adnexa diseases,OP/ASC Procedure,PPI_OP_PROC_P204,Cataract surgery IOL,,,,,,,,,,,,,,,,,,18,,,,,,,,,,,,,,,,,,,,,,,,,,,,,,,,,,,,,,,,,,,,,,,,,,,,,,,
GI system diseases,Chronic Medical,PPI_CH_MED_Y202,Cirrhosis of Liver,01,08,11,,38,,,,,,,,,10,,,,,,,,,,,,,,,,,,,,,,,,,,,,,,,,,,,,,,,,,,,,,,,,,,,,,,,,,,,
GI system diseases,Chronic Medical,PPI_CH_MED_Y193,Diverticulosis of intestine,01,08,11,,38,,,,,,,,,10,,,,,,,,,,,,,,,,,,,,,,,,,,,,,,,,,,,,,,,,,,,,,,,,,,,,,,,,,,,
GI system diseases,Chronic Medical,PPI_CH_MED_Y198,Esophagitis/GERD,01,08,11,37,38,,,,,,,,,10,,,,,,,,,,,,,,,,,,,,,,,,,,,,,,,,,,,,,,,,,,,,,,,,,,,,,,,,,,,
GI system diseases,Chronic Medical,PPI_CH_MED_Y005,Fatty liver,01,08,11,,38,,,,,,,,,10,,,,,,,,,,,,,,,,,,,,,,,,,,,,,,,,,,,,,,,,,,,,,,,,,,,,,,,,,,,
GI system diseases,Chronic Medical,PPI_CH_MED_Y192,Gastroduodenitis,01,08,11,37,38,,,,,,,,,10,,,,,,,,,,,,,,,,,,,,,,,,,,,,,,,,,,,,,,,,,,,,,,,,,,,,,,,,,,,
GI system diseases,Chronic Medical,PPI_CH_MED_Y194,Inflammtory bowel disease,01,08,11,37,38,,,,,,,,,10,,,,,,,,,,,,,,,,,,,,,,,,,,,,,,,,,,,,,,,,,,,,,,,,,,,,,,,,,,,
GI system diseases,Chronic Medical,PPI_CH_MED_Y197,Irritable bowel and related,01,08,11,37,38,,,,,,,,,10,,,,,,,,,,,,,,,,,,,,,,,,,,,,,,,,,,,,,,,,,,,,,,,,,,,,,,,,,,,
GI system diseases,Chronic Medical,PPI_CH_MED_Y199,Peptic ulcer,01,08,11,,38,,,,,,,,,10,,,,,,,,,,,,,,,,,,,,,,,,,,,,,,,,,,,,,,,,,,,,,,,,,,,,,,,,,,,
GI system diseases,IP Medical,PPI_IP_MED_M051,Acute pancreatitis,01,08,11,,38,,,,C6,,,,,10,,,,,,,,,,,,,,,,,,,,,,,,,,,,,,,,,,,,,,,,,,,,,,,,,,,,,,,,,,,
GI system diseases,IP Medical,PPI_IP_MED_M049,Cirrhosis & alcoholic hepatitis,01,08,11,,38,,,,C6,,,,,10,,,,,,,,,,,,,,,,,,,,,,,,,,,,,,,,,,,,,,,,,,,,,,,,,,,,,,,,,,,
GI system diseases,IP Medical,PPI_IP_MED_M052,"Disorders of liver except malignancy, cirrhosis or alcoholic hepatitis",01,08,11,,38,,,,C6,,,,,10,,,,,,,,,,,,,,,,,,,,,,,,,,,,,,,,,,,,,,,,,,,,,,,,,,,,,,,,,,,
GI system diseases,IP Medical,PPI_IP_MED_M053,Disorders of the biliary tract,01,08,11,,38,,,,C6,,,,,10,,,,,,,,,,,,,,,,,,,,,,,,,,,,,,,,,,,,,,,,,,,,,,,,,,,,,,,,,,,
GI system diseases,IP Medical,PPI_IP_MED_M043,Gastrointestinal hemorrhage,01,08,11,,38,,,,C6,,,,,10,,,,,,,,,,,,,,,,,,,,,,,,,,,,,,,,,,,,,,,,,,,,,,,,,,,,,,,,,,,
GI system diseases,IP Medical,PPI_IP_MED_M046,Gastrointestinal obstruction,01,08,11,,38,,,,C6,,,,,10,,,,,,,,,,,,,,,,,,,,,,,,,,,,,,,,02,,,,,28,,,,,,,,,,,,,,,,,,,,,,
GI system diseases,IP Medical,PPI_IP_MED_M041,Infective Gastroenteritis,01,08,11,37,38,,,,C6,,,,,10,,,,,,,,,,,,,,,,,,44,,,,,,,,,,,,,,,,,,,,,,,,,,,,,,,,,,,,,,,,,
GI system diseases,IP Medical,PPI_IP_MED_M045,Inflammatory bowel disease,01,08,11,37,38,,,,C6,,,,,10,,,,,,,,,,,,,,,,,,,,,,,,,,,,,,,,,,,,,,,,,,,,,,,,,,,,,,,,,,,
GI system diseases,IP Medical,PPI_IP_MED_M047,Noninfective Gastroenteritis,01,08,11,37,38,,,,C6,,,,,10,,,,,,,,,,,,,,,,,,,,,,,,,,,,,,,,,,,,,,,,,,,,,,,,,,,,,,,,,,,
GI system diseases,IP Medical,PPI_IP_MED_M044,Peptic ulcer,01,08,11,,38,,,,C6,,,,,10,,,,,,,,,,,,,,,,,,,,,,,,,,,,,,,,,,,,,,,,,,,,,,,,,,,,,,,,,,,
GI system diseases,IP or OP/ASC Procedure,PPI_IOP_PROC_P33,Appendectomy,,,,,,,,,,,,,,,,,,,,,,,,,,,,,,,,,,,,,,,,,,,,,,02,,,,,,,,,,,,,,,,,,,,,,,,,,,
GI system diseases,IP or OP/ASC Procedure,PPI_IOP_PROC_P40,Cholecystectomy,,,,,,,,,,,,,,,,,,,,,,,,,,,,,,,,,,,,,,,,,,,,,,02,,,,,,,,,,,,,,,,,,,,,,,,,,,
GI system diseases,IP or OP/ASC Procedure,PPI_IOP_PROC_P39,Foregut Procedures,,,,,,,,,,,,,,10,,,,,,,,,,,,,,,,,,,,,,,,,,,,,,,,02,,,,,,,,33,,,,,,,,,,,,,,,,,,,
GI system diseases,IP or OP/ASC Procedure,PPI_IOP_PROC_P37,Repair inguinal hernia,,,,,,,,,,,,,,,,,,,,,,,,,,,,,,,,,,,,,,,,,,,,,,02,,,,,,,,,,,,,,,,,,,,,,,,,,,
GI system diseases,IP or OP/ASC Procedure,PPI_IOP_PROC_P38,Repair ventral hernia,,,,,,,,,,,,,,,,,,,,,,,,,,,,,,,,,,,,,,,,,,,,,,02,,,,,,,,,,,,,,,,,,,,,,,,,,,
GI system diseases,IP Procedure,PPI_IP_PROC_P28,Bariatric surgery,,,,,,,,,,,,,,,,,,,,,,,,,,,,,,,,,,,,,,,,,,,,,,02,,,,,,,,,,,,,,,,,,,,,,,,,,,
GI system diseases,IP Procedure,PPI_IP_PROC_P34,Colectomy,,,,,,,,,,,,,,,,,,,,,,,,,,,,,,,,,,,,,,,,,,,,,,02,,,,,28,,,,,,,,91,,,,,,,,,,,,,,
GI system diseases,IP Procedure,PPI_IP_PROC_P36,Peritoneal adhesiolysis,,,,,,,,,,,,,,,,,,,,,,,,,,,,,,,,,,,,,,98,16,,,,,,,02,,,,,,,,,,,,,91,,,,,,,,,,,,,,
GI system diseases,OP Acute Medical,PPI_AC_MED_X224,Acute cholecystitis/cholangitis,01,08,11,37,38,,,,,,,,,10,,,,,,,,,,,,,,,,,,,,,,,,,,,,,,,,02,,,,,,,,,,,,,,,,,,,,,,,,,,,
GI system diseases,OP Acute Medical,PPI_AC_MED_X065,Acute gastroduodenitis,01,08,11,37,38,50,89,97,,,,,,10,,,,,,,,,,,,,,,,,,,,,,,,,,,,,,,,,,,,,,,,,,,,,,,,,,,,,,,,,,,
GI system diseases,OP Acute Medical,PPI_AC_MED_X218,Acute hemorrhoids,01,08,11,37,38,50,89,97,,,,,,10,,,,,,,,,,,,,,,,,,,,,,,,,,,,,,,,02,,,,,28,,,,,,,,,,,,,,,,,,,,,,
GI system diseases,OP Acute Medical,PPI_AC_MED_X184,Functional dyspepsia,01,08,11,37,38,50,89,97,,,,,,10,,,,,,,,,,,,,,,,,,,,,,,,,,,,,,,,,,,,,,,,,,,,,,,,,,,,,,,,,,,
GI system diseases,OP Acute Medical,PPI_AC_MED_X001,Gastroenteritis,01,08,11,37,38,50,89,97,,,,,,10,,,,,,,,,,,,,,,,,,,,,,,,,,,,,,,,,,,,,,,,,,,,,,,,,,,,,,,,,,,
GI system diseases,OP Acute Medical,PPI_AC_MED_X215,GI hemorrhage,01,08,11,37,38,,,,,,,,,10,,,,,,,,,,,,,,,,,,,,,,,,,,,,,,,,02,,,,,,,,,,,,,,,,,,,,,,,,,,,
GI system diseases,OP Acute Medical,PPI_AC_MED_X198,Intestinal obstruction,01,08,11,37,38,,,,,,,,,10,,,,,,,,,,,,,,,,,,,,,,,,,,,,,,,,02,,,,,,,,,,,,,,,,,,,,,,,,,,,
GI system diseases,OP/ASC Procedure,PPI_OP_PROC_P205,Colonoscopy,,,,,,,,,,,,,,10,,,,,,,,,,,,,,,,,,,,,,,,,,,,,,,,02,,,,,28,,,,,,,,,,,,,,,,,,,,,,
GI system diseases,OP/ASC Procedure,PPI_OP_PROC_P209,EGD endoscopy,,,,,,,,,,,,,,10,,,,,,,,,,,,,,,,,,,,,,,,,,,,,,,,02,,,,,,,,,,,,,,,,,,,,,,,,,,,
GI system diseases,OP/ASC Procedure,PPI_OP_PROC_P210,ERCP,,,,,,,,,,,,,,10,,,,,,,,,,,,,,,,,,,,,,,,,,,,,,,,02,,,,,,,,,,,,,,,,,,,,,,,,,,,
GU system diseases,Chronic Medical,PPI_CH_MED_Y265,Benign Prostatic Hyperplasia,01,08,11,,38,50,89,97,,,,,,,,,,,,,,,,,,,,,34,,,,,,,,,,,,,,,,,,,,,,,,,,,,,,,,,,,,,,,,,,,,
GU system diseases,Chronic Medical,PPI_CH_MED_Y263,Bladder dysfunction,01,08,11,37,38,50,89,97,,,,,,,,,,,,,,,,,,,,,34,,,,,,,,,,16,,,,,,,,,,,,,,,,,,,,,,,,,,,,,,,,,,
GU system diseases,Chronic Medical,PPI_CH_MED_Y007,Chronic Kidney Disease,01,08,11,,38,50,89,97,,,,,,,,,,,,,,,,,,,,,,,39,,,,,,,,,,,,,,,,,,,,,,,,,,,,,,,,,,,,,,,,,,
GU system diseases,Chronic Medical,PPI_CH_MED_Y267,Pelvic floor relaxation/prolapse,01,08,11,,38,,,,,,,,,,,,,,,,,,,,,,,,34,,,,,,,,,,16,,,,,,,,,,,,,,,,,,,,,,,,,,,,,,,,,,
GU system diseases,Chronic Medical,PPI_CH_MED_Y259,Urinary stone disease,01,08,11,37,38,,,,,,,,,,,,,,,,,,,,,,,,34,,,,,,,,,,,,,,,,,,,,,,,,,,,,,,,,,,,,,,,,,,,,
GU system diseases,IP Medical,PPI_IP_MED_M072,Renal failure,01,08,11,,38,,,,C6,,,,,,,,,,,,,,,,,,,,,,39,,,,,,,,,,,,,,,,,,,,,,,,,,,,,,,,,,,,,,,,,,
GU system diseases,IP Medical,PPI_IP_MED_M076,Urinary stones,01,08,11,37,38,,,,C6,,,,,,,,,,,,,,,,,,,,34,,39,,,,,,,,,,,,,,,,,,,,,,,,,,,,,,,,,,,,,,,,,,
GU system diseases,IP Medical,PPI_IP_MED_M075,Urinary tract infection,01,08,11,37,38,,,,C6,,,,,,,,,,,,,,,,,,,,34,,,44,,,,,,,,,,,,,,,,,,,,,,,,,,,,,,,,,,,,,,,,,
GU system diseases,IP or OP/ASC Procedure,PPI_IOP_PROC_P75,Hysterectomy,,,,,,,,,,,,,,,,,,,,,,,,,,,,,,,,,,,,,,98,16,,,,,,,02,,,,,,,,,,,,,,,,,,,,,,,,,,,
GU system diseases,IP or OP/ASC Procedure,PPI_IOP_PROC_P70,Open prostatectomy,,,,,,,,,,,,,,,,,,,,,,,,,,,,,34,,,,,,,,,,,,,,,,,02,,,,,,,,,,,,,,,,,,,,,,,,,,,
GU system diseases,IP or OP/ASC Procedure,PPI_IOP_PROC_P74,TURP,,,,,,,,,,,,,,,,,,,,,,,,,,,,,34,,,,,,,,,,,,,,,,,02,,,,,,,,,,,,,,,,,,,,,,,,,,,
GU system diseases,IP Procedure,PPI_IP_PROC_P66,Cystectomy,,,,,,,,,,,,,,,,,,,,,,,,,,,,,34,,,,,,,,,,,,,,,,,02,,,,,,,,,,,,,,,,,,,,,,,,,,,
GU system diseases,IP Procedure,PPI_IP_PROC_P65,Kidney transplant,,,,,,,,,,,,,,,,,,,,,,,,,,,,,34,,,,,,,,,,,,,,,,,02,,,,,,,,,,,,,,,,,,,,,,,,,,,
GU system diseases,IP Procedure,PPI_IP_PROC_P64,Nephrectomy,,,,,,,,,,,,,,,,,,,,,,,,,,,,,34,,,,,,,,,,,,,,,,,02,,,,,,,,,,,,,,,,,,,,,,,,,,,
GU system diseases,IP Procedure,PPI_IP_PROC_P69,Transurethral procedures,,,,,,,,,,,,,,,,,,,,,,,,,,,,,34,,,,,,,,,,,,,,,,,02,,,,,,,,,,,,,,,,,,,,,,,,,,,
GU system diseases,OP Acute Medical,PPI_AC_MED_X318,Acute kidney failure,01,08,11,37,38,,,,,,,,,,,,,,,,,,,,,,,,,,39,,,,,,,,,,,,,,,,,,,,,,,,,,,,,,,,,,,,,,,,,,
GU system diseases,OP Acute Medical,PPI_AC_MED_X034,Inflammatory diseases of prostate,01,08,11,,38,,,,,,,,,,,,,,,,,,,,,,,,34,,,,,,,,,,,,,,,,,,,,,,,,,,,,,,,,,,,,,,,,,,,,
GU system diseases,OP Acute Medical,PPI_AC_MED_X322,Kidney cyst,01,08,11,37,38,,,,,,,,,,,,,,,,,,,,,,,,34,,39,,,,,,,,,,,,,,,,,,,,,,,,,,,,,,,,,,,,,,,,,,
GU system diseases,OP Acute Medical,PPI_AC_MED_X329,Male erectile dysfunction,01,08,11,,38,,,,,,,,,,,,,,,,,,,,,,,,34,,,,,,,,,,,,,,,,,,,,,,,,,,,,,,,,,,,,,,,,,,,,
GU system diseases,OP Acute Medical,PPI_AC_MED_X083,Menopausal disorders,01,08,11,,38,,,,,,,,,,,,,,,,,,,,,,,,,,,,,,,,,,16,,,,,,,,,,,,,,,,,,,,,,,,,,,,,,,,,,
GU system diseases,OP Acute Medical,PPI_AC_MED_X561,Nephritis and nephropathy,01,08,11,37,38,,,,,,,,,,,,,,,,,,,,,,,,34,,39,,,,,,,,,,,,,,,,,,,,,,,,,,,,,,,,,,,,,,,,,,
GU system diseases,OP Acute Medical,PPI_AC_MED_X346,Ovarian cyst,01,08,11,37,38,,,,,,,,,,,,,,,,,,,,,,,,,,,,,,,,,98,16,,,,,,,,,,,,,,,,,,,,,,,,,,,,,,,,,,
GU system diseases,OP Acute Medical,PPI_AC_MED_X319,Urinary obstruction,01,08,11,,38,,,,,,,,,,,,,,,,,,,,,,,,34,,,,,,,,,,,,,,,,,,,,,,,,,,,,,,,,,,,,,,,,,,,,
GU system diseases,OP Acute Medical,PPI_AC_MED_X039,UTI,01,08,11,37,38,50,89,97,,,,,,,,,,,,,,,,,,,,,34,,,44,,,,,,,16,,,,,,,,,,,,,,,,,,,,,,,,,,,,,,,,,,
GU system diseases,OP Acute Medical,PPI_AC_MED_X040,Vulvovaginitis,01,08,11,37,38,50,89,97,,,,,,,,,,,,,,,,,,,,,,,,,,,,,,,16,,,,,,,,,,,,,,,,,,,,,,,,,,,,,,,,,,
GU system diseases,OP/ASC or Office Procedure,PPI_PR_PROC_P501,Urinary endoscopy,,,,,,,,,,,,,,,,,,,,,,,,,,,,,34,,,,,,,,,,,,,,,,,,,,,,,,,,,,,,,,,,,,,,,,,,,,
GU system diseases,OP/ASC Procedure,PPI_OP_PROC_P207,Colpopexy,,,,,,,,,,,,,,,,,,,,,,,,,,,,,34,,,,,,,,,,16,,,,,,,,,,,,,,,,,,,,,,,,,,,,,,,,,,
GU system diseases,OP/ASC Procedure,PPI_OP_PROC_P208,Colporrhaphy,,,,,,,,,,,,,,,,,,,,,,,,,,,,,34,,,,,,,,,,16,,,,,,,,,,,,,,,,,,,,,,,,,,,,,,,,,,
Infectious diseases,Chronic Medical,PPI_CH_MED_Y012,Hepatitis c (chronic),01,08,11,,38,,,,,,,,,10,,,,,,,,,,,,,,,,,,44,,,,,,,,,,,,,,,,,,,,,,,,,,,,,,,,,,,,,,,,,
Infectious diseases,Chronic Medical,PPI_CH_MED_Y013,HIV/AIDS,01,08,11,,38,,,,,,,,,,,,,,,,,,,,,,,,,,,44,,,,,,,,,,,,,,,,,,,,,,,,,,,,,,,,,,,,,,,,,
Infectious diseases,IP Medical,PPI_IP_MED_M092,Sepsis,01,08,11,37,38,,,,C6,,,,,,,,,,,,,,,,,,,,,,,44,,,,,,,,,,,,,,,,,,,,,,,,,,,,,,,,,,,,,,,,,
Infectious diseases,OP Acute Medical,PPI_AC_MED_X504,Candida infection,01,08,11,37,38,50,89,97,,,,,07,,,,,,,,,,,,,,,,,,,44,,,,,,,,,,,,,,,,,,,,,,,,,,,,,,,,,,,,,,,,,
Injury,OP Acute Medical,PPI_AC_MED_X438,Ankle/foot contusion/laceration,01,08,11,37,38,50,89,97,,,,,,,,,,,,,,,,,,,,,,,,,,,,,,,,,,,,,,,,48,20,,,,,,,,,,,,,,,,,,,,,,,,
Injury,OP Acute Medical,PPI_AC_MED_X366,Open wound of head,01,08,11,37,38,50,89,97,,,,,,,,,,,,,,,,,,,,,,,,,,,,,,,,,,,,,,,,,,24,,,,,,,,,,,,,,,,,,,,,,,
Injury,OP Acute Medical,PPI_AC_MED_X395,Superficial injury of extremity,01,08,11,37,38,50,89,97,,,,,07,,,,,,,,,,,,,,,,,,,,,,,,,,,,,,,,,,,48,20,,,40,,,,,,,,,,,,,,,,,,,,,
Injury,OP Acute Medical,PPI_AC_MED_X362,Superficial injury of head,01,08,11,37,38,50,89,97,,,,,07,,,,,,,,,,,,,,,,,,,,,,,,,,,,,,,,,,,,,24,,,,,,,,,,,,,,,,,,,,,,,
Injury,OP Acute Medical,PPI_AC_MED_X394,Superficial injury of trunk,01,08,11,37,38,50,89,97,,,,,07,,,,,,,,,,,,,,,,,,,,,,,,,,,,,,,,,,,,,,,,,,,,,,,,,,,,,,,,,,,,
Mental health,Chronic Medical,PPI_CH_MED_Y084,"ADHD, conduct disorders, and hyperkinetic syndrome",01,08,11,37,38,50,89,97,,,,,,,,,,,,,26,27,86,62,68,80,79,,,,,,,,,,,,,,,,,,,,,,,,,,,,,,,,,,,,,,,,,,,,,,
Mental health,Chronic Medical,PPI_CH_MED_Y071,Alcohol use disorders,01,08,11,,38,50,89,97,,,,,,,,,,,,,26,27,86,62,68,80,79,,,,,,,,,,,,,,,,,,,,,,,,,,,,,,,,,,,,,,,,,,,,,,
Mental health,Chronic Medical,PPI_CH_MED_Y069,Anxiety disorders,01,08,11,37,38,50,89,97,,,,,,,,,,,,,26,27,86,62,68,80,,,,,,,,,,,,,,,,,,,,,,,,,,,,,,,,,,,,,,,,,,,,,,,
Mental health,Chronic Medical,PPI_CH_MED_Y077,Bipolar disorder,01,08,11,37,38,50,89,97,,,,,,,,,,,,,26,27,86,62,68,80,,,,,,,,,,,,,,,,,,,,,,,,,,,,,,,,,,,,,,,,,,,,,,,
Mental health,Chronic Medical,PPI_CH_MED_Y066,Dementia,01,08,11,,38,50,89,97,,,,,,,,13,,,,,26,27,86,62,68,80,,,,,,,,,,,,,,,,,,,,,,,,,,,,,,,,,,,,,,,,,,,,,,,
Mental health,Chronic Medical,PPI_CH_MED_Y078,Depressive disorders,01,08,11,37,38,50,89,97,,,,,,,,,,,,,26,27,86,62,68,80,,,,,,,,,,,,,,,,,,,,,,,,,,,,,,,,,,,,,,,,,,,,,,,
Mental health,Chronic Medical,PPI_CH_MED_Y072,Drug use disorders,01,08,11,37,38,50,89,97,,,,,,,,,,,,,26,27,86,62,68,80,79,,,,,,,,,,,,,,,05,09,72,25,,,,,,,,,,,,,,,,,,,,,,,,,,,,
Mental health,Chronic Medical,PPI_CH_MED_Y082,insomnia,01,08,11,37,38,50,89,97,,,,,,,,,,,,,26,27,86,62,68,80,,,,,,,,,,,,,,,,,,,,,,,,,,,,,,,,,,,,,,,,,,,,,,,
Mental health,Chronic Medical,PPI_CH_MED_Y085,Intellectual disabilities and related conditions,01,08,11,37,38,50,89,97,,,,,,,,,,,,,26,27,86,62,68,80,,,,,,,,,,,,,,,,,,,,,,,,,,,,,,,,,,,,,,,,,,,,,,,
Mental health,Chronic Medical,PPI_CH_MED_Y074,Schizophrenia,01,08,11,,38,50,89,97,,,,,,,,,,,,,26,27,86,62,68,80,,,,,,,,,,,,,,,,,,,,,,,,,,,,,,,,,,,,,,,,,,,,,,,
Mental health,Chronic Medical,PPI_CH_MED_Y073,Tobacco use,01,08,11,37,38,50,89,97,,,,06,,,,,,,,,26,27,86,62,68,80,79,29,,,,,,,,,,,,,,,,,,,,,,,,,,,,,,,,,,,,,,,,,,,,,
Mental health,IP Medical,PPI_IP_MED_M098,Alcohol/drug abuse or dependence,01,08,11,,38,,,,C6,,,,,,,,,,,,26,,86,,,,79,,,,,,,,,,,,,,,,,,,,,,,,,,,,,,,,,,,,,,,,,,,,,,
Mental health,IP Medical,PPI_IP_MED_M095,Dementia,01,08,11,,38,,,,C6,,,,,,,13,,,,,26,27,86,,,,,,,,,,,,,,,,,,,,,,,,,,,,,,,,,,,,,,,,,,,,,,,,,,
Mental health,IP Medical,PPI_IP_MED_M093,Neuroses and acute adjustment reaction & psychosocial dysfunction,01,08,11,,38,,,,C6,,,,,,,,,,,,26,,86,,,,,,,,,,,,,,,,,,,,,,,,,,,,,,,,,,,,,,,,,,,,,,,,,,
Mental health,IP Medical,PPI_IP_MED_M096,Psychoses,01,08,11,,38,,,,C6,,,,,,,,,,,,26,,86,,,,,,,,,,,,,,,,,,,,,,,,,,,,,,,,,,,,,,,,,,,,,,,,,,
Mental health,OP Acute Medical,PPI_AC_MED_X512,Adjustment disease,01,08,11,37,38,50,89,97,,,,,,,,,,,,,26,,86,,,,,,,,,,,,,,,,,,,,,,,,,,,,,,,,,,,,,,,,,,,,,,,,,,
Musculoskeletal system diseases,Chronic Medical,PPI_CH_MED_Y240,Arteritis,01,08,11,37,38,50,89,97,,,,,,,,,,,,,,,,,,,,,,,,,,66,,,,,,,,,,,,,,,,,,,,,,,,,,,,,,,,,,,,,,,
Musculoskeletal system diseases,Chronic Medical,PPI_CH_MED_Y219,Gout,01,08,11,,38,50,89,97,,,,,,,,,,,,,,,,,,,,,,,39,,,66,,,,,,,,,,,,,,,,,,,,,,,,,,,,,,,,,,,,,,,
Musculoskeletal system diseases,Chronic Medical,PPI_CH_MED_Y241,Lupus (SLE),01,08,11,,38,50,89,97,,,,,,,,,,,,,,,,,,,,,,,,,,66,,,,,,,,,,,,,,,,,,,,,,,,,,,,,,,,,,,,,,,
Musculoskeletal system diseases,Chronic Medical,PPI_CH_MED_Y222,Osteoarthritis,01,08,11,,38,50,89,97,,,,,,,12,,,,,23,,,,,,,,,,,,,,66,,,,,,,,,,,25,,,,20,,,,,,,,,,,,,,,,,,,,,,,,
Musculoskeletal system diseases,Chronic Medical,PPI_CH_MED_Y223,Osteoporosis,01,08,11,,38,50,89,97,,,,,,,,,,,,,,,,,,,,,,,,,46,66,,,,,,,,,,,,,,,,,,,,,,,,,,,,,,,,,,,,,,,
Musculoskeletal system diseases,Chronic Medical,PPI_CH_MED_Y231,Pain in joint,01,08,11,37,38,50,89,97,,,,,,,12,,,,,23,,,,,,,,,,,,,,66,,,,,,,,,,,25,,,,20,,,,,,,,,,,,,,,,,,,,,,,,
Musculoskeletal system diseases,Chronic Medical,PPI_CH_MED_Y216,Rheumatoid Arthritis,01,08,11,,38,50,89,97,,,,,,,,,,,,,,,,,,,,,,,,,,66,,,,,,,,,,,,,,,,,,,,,,,,,,,,,,,,,,,,,,,
Musculoskeletal system diseases,Chronic Medical,PPI_CH_MED_Y245,Spine deformity,01,08,11,37,38,50,89,97,,,,,,,12,,,,,23,,,,,,,,,,,,,,,,,,,,,,,,,25,,,,20,,,,,,,,,,,,,,,,,,,,,,,,
Musculoskeletal system diseases,Chronic Medical,PPI_CH_MED_Y257,Spine post laminectomy syndrome,01,08,11,,38,50,89,97,,,,,,,,,,,,23,,,,,,,,,,,,,,,,,,,,,,05,09,72,25,,,,20,,,,,,,,,,,,,,,,,,,,,,,,
Musculoskeletal system diseases,IP Medical,PPI_IP_MED_M058,Medical back problems,01,08,11,37,38,,,,C6,,,,,,,,,,,,,,,,,,,,,,,,,,,,,,,,,,,,,02,,,,,,,,,,,,,,,,,,,,,,,,,,,
Musculoskeletal system diseases,IP Medical,PPI_IP_MED_M106,Multiple significant trauma,,,,,,,,,C6,,,,,,,,,,,,,,,,,,,,,,,,,,,,,,,,,,,,,02,,,,,,,,,,,,,,,,,,,,,,,,,,,
Musculoskeletal system diseases,IP Medical,PPI_IP_MED_M056,Osteomyelitis,01,08,11,37,38,,,,C6,,,,,,,,,,,,,,,,,,,,,,,44,,,,,,,,,,,,,,,,,,,,,,,,,,,,,,,,,,,,,,,,,
Musculoskeletal system diseases,IP or OP/ASC Procedure,PPI_IOP_MJRLE_ANKLE,Ankle replacement,,,,,,,,,,,,,,,,,,,,,,,,,,,,,,,,,,,,,,,,,,,,,,,,48,20,,,,,,,,,,,,,,,,,,,,,,,,
Musculoskeletal system diseases,IP or OP/ASC Procedure,PPI_IOP_PROC_P48,Back & neck except spinal fusion,,,,,,,,,,,,,,,,,,,,,,,,,,,,,,,,,,,,,,,,,,,,,,,14,,20,,,,,,,,,,,,,,,,,,,,,,,,
Musculoskeletal system diseases,IP or OP/ASC Procedure,PPI_IOP_MJRLE_HIP,Hip replacement,,,,,,,,,,,,,,,,,,,,,,,,,,,,,,,,,,,,,,,,,,,,,,,,,20,,,,,,,,,,,,,,,,,,,,,,,,
Musculoskeletal system diseases,IP or OP/ASC Procedure,PPI_IOP_MJRLE_KNEE,Knee replacement,,,,,,,,,,,,,,,,,,,,,,,,,,,,,,,,,,,,,,,,,,,,,,,,,20,,,,,,,,,,,,,,,,,,,,,,,,
Musculoskeletal system diseases,IP or OP/ASC Procedure,PPI_IOP_PROC_P55,Shoulder total arthroplasty,,,,,,,,,,,,,,,,,,,,,,,,,,,,,,,,,,,,,,,,,,,,,,,,,20,,,,,,,,,,,,,,,,,,,,,,,,
Musculoskeletal system diseases,IP or OP/ASC Procedure,PPI_IOP_PROC_P63,Spinal fusion,,,,,,,,,,,,,,,,,,,,,,,,,,,,,,,,,,,,,,,,,,,,,,,14,,20,,,,,,,,,,,,,,,,,,,,,,,,
Musculoskeletal system diseases,IP Procedure,PPI_IP_PROC_P47,Amputation,,,,,,,,,,,,,,,,,,,,,,,,,,,,,,,,,,,,,,,,,,,,,,02,,48,20,,,,,,77,,,,,,,,,,,,,,,,,,
Musculoskeletal system diseases,IP Procedure,PPI_IP_PROC_P52,Fracture/dislocation treatment pelvis/hip/femur,,,,,,,,,,,,,,,,,,,,,,,,,,,,,,,,,,,,,,,,,,,,,,,,,20,,,,,,,,,,,,,,,,,,,,,,,,
Musculoskeletal system diseases,IP Procedure,PPI_IP_PROC_P53,"Lower extremity and humerus procedure except hip, foot, femur",,,,,,,,,,,,,,,,,,,,,,,,,,,,,,,,,,,,,,,,,,,,,,,,,20,,,,,,,,,,,,,,,,,,,,,,,,
Musculoskeletal system diseases,IP Procedure,PPI_IP_PROC_P61,Revision of the hip or knee replacement,,,,,,,,,,,,,,,,,,,,,,,,,,,,,,,,,,,,,,,,,,,,,,,,,20,,,,,,,,,,,,,,,,,,,,,,,,
Musculoskeletal system diseases,OP Acute Medical,PPI_AC_MED_X265,Ankle/foot fracture/dislocation,01,08,11,37,38,50,89,97,,,,,,,,,,,,,,,,,,,,,,,,,,,,,,,,,,,,,,,,48,20,,,,,,,,,,,,,,,,,,,,,,,,
Musculoskeletal system diseases,OP Acute Medical,PPI_AC_MED_X289,Bursitis,01,08,11,37,38,50,89,97,,,,,,,,,,,,,,,,,,,,,,,,,,,,,,,,,,,,,,,,,20,,,,,,,,,,,,,,,,,,,,,,,,
Musculoskeletal system diseases,OP Acute Medical,PPI_AC_MED_X317,Chest wall injury,01,08,11,37,38,50,89,97,,,,,,,,,,,,,,,,,,,,,,,,,,,,,,,,,,,,,,,,,20,,,,,,,,,,,,,,,,,,,,,,,,
Musculoskeletal system diseases,OP Acute Medical,PPI_AC_MED_X284,Finger/wrist/hand synovitis and tenosynovitis,01,08,11,37,38,50,89,97,,,,,,,,,,,,,,,,,,,,,,,,,,,,,,,,,,,,,,,,,20,,,40,,,,,,,,,,,,,,,,,,,,,
Musculoskeletal system diseases,OP Acute Medical,PPI_AC_MED_X291,Foot plantar fascitis,01,08,11,37,38,50,89,97,,,,,,,,,,,,,,,,,,,,,,,,,,,,,,,,,,,,,,,,48,20,,,,,,,,,,,,,,,,,,,,,,,,
Musculoskeletal system diseases,OP Acute Medical,PPI_AC_MED_X294,Foot/ankle enthesopathy,01,08,11,37,38,50,89,97,,,,,,,,,,,,,,,,,,,,,,,,,,,,,,,,,,,,,,,,48,20,,,,,,,,,,,,,,,,,,,,,,,,
Musculoskeletal system diseases,OP Acute Medical,PPI_AC_MED_X245,Infective arthritis and osteomyelitis,01,08,11,37,38,50,89,97,,,,,,,,,,,,,,,,,,,,,,,,44,,,,,,,,,,,,,,,,48,20,,,,,,,,,,,,,,,,,,,,,,,,
Musculoskeletal system diseases,OP Acute Medical,PPI_AC_MED_X546,Joint effusion,01,08,11,37,38,50,89,97,,,,,,,,,,,,,,,,,,,,,,,,,,66,,,,,,,,,,,,,,,20,,,,,,,,,,,,,,,,,,,,,,,,
Musculoskeletal system diseases,OP Acute Medical,PPI_AC_MED_X288,Joint ganglion cyst,01,08,11,37,38,50,89,97,,,,,07,,,,,,,,,,,,,,,,,,,,,66,,,,,,,,,,,,,,48,20,,,40,,,,,,,,,,,,,,,,,,,,,
Musculoskeletal system diseases,OP Acute Medical,PPI_AC_MED_X547,Joint other non-traumatic arthropathy,01,08,11,37,38,50,89,97,,,,,,,,,,,,,,,,,,,,,,,,,,66,,,,,,,,,,,,,,,20,,,,,,,,,,,,,,,,,,,,,,,,
Musculoskeletal system diseases,OP Acute Medical,PPI_AC_MED_X256,Knee joint internal derangement,01,08,11,37,38,50,89,97,,,,,,,,,,,,,,,,,,,,,,,,,,,,,,,,,,,,,,,,,20,,,,,,,,,,,,,,,,,,,,,,,,
Musculoskeletal system diseases,OP Acute Medical,PPI_AC_MED_X270,Low back pain,01,08,11,37,38,50,89,97,,,,,,,12,13,,,,,,,,,,,,,,35,,,,,,,,,,,,05,09,72,25,,14,,20,,,,,,,,,,,,,,,,,,,,,,,,
Musculoskeletal system diseases,OP Acute Medical,PPI_AC_MED_X292,Lower limb enthesopathy,01,08,11,37,38,50,89,97,,,,,,,,,,,,,,,,,,,,,,,,,,,,,,,,,,,,,,,,48,20,,,,,,,,,,,,,,,,,,,,,,,,
Musculoskeletal system diseases,OP Acute Medical,PPI_AC_MED_X505,Lyme disease,01,08,11,37,38,50,89,97,,,,,,,,,,,,,,,,,,,,,,,,44,,66,,,,,,,,,,,,,,,,,,,,,,,,,,,,,,,,,,,,,,,
Musculoskeletal system diseases,OP Acute Medical,PPI_AC_MED_X247,Muscle weakness (generalized),01,08,11,37,38,50,89,97,,,,,,,,13,,,,,,,,,,,,,,,,,,,,,,,,,,,,,,,,,20,,,,,,,,,,,,,,,,,,,,,,,,
Musculoskeletal system diseases,OP Acute Medical,PPI_AC_MED_X246,"Myalgia, fibromyalgia, and pain in limb",01,08,11,37,38,50,89,97,,,,,,,,13,,,,,,,,,,,,,,,,,,66,,,,,,,,05,09,72,25,,14,48,20,,,,,,,,,,,,,,,,,,,,,,,,
Musculoskeletal system diseases,OP Acute Medical,PPI_AC_MED_X545,Shoulder tendon & rotator cuff injury,01,08,11,37,38,50,89,97,,,,,,,,,,,,,,,,,,,,,,,,,,,,,,,,,,,,,25,,,,20,,,,,,,,,,,,,,,,,,,,,,,,
Musculoskeletal system diseases,OP Acute Medical,PPI_AC_MED_X275,"Spine stenosis/spondylosis/spondylolisthesis, cervical",01,08,11,37,38,50,89,97,,,,,,,12,13,,,,,,,,,,,,,,,,,,,,,,,,,,05,09,72,25,,14,,20,,,,,,,,,,,,,,,,,,,,,,,,
Musculoskeletal system diseases,OP Acute Medical,PPI_AC_MED_X276,"Spine stenosis/spondylosis/spondylolisthesis, thoracic",01,08,11,37,38,50,89,97,,,,,,,12,13,,,,,,,,,,,,,,,,,,,,,,,,,,05,09,72,25,,14,,20,,,,,,,,,,,,,,,,,,,,,,,,
Musculoskeletal system diseases,OP Acute Medical,PPI_AC_MED_X550,Traumatic arthropathy,01,08,11,37,38,50,89,97,,,,,,,,,,,,,,,,,,,,,,,,,,,,,,,,,,,,,,,,,20,,,,,,,,,,,,,,,,,,,,,,,,
Musculoskeletal system diseases,OP Acute Medical,PPI_AC_MED_X293,Upper ext enthesopathy,01,08,11,37,38,50,89,97,,,,,,,,,,,,,,,,,,,,,,,,,,,,,,,,,,,,,,,,,20,,,40,,,,,,,,,,,,,,,,,,,,,
Musculoskeletal system diseases,OP/ASC or Office Procedure,PPI_PR_PROC_P510,Fracture/dislocation treatment arm/wrist/hand,,08,,,,,,,,,,,,,,,,,,23,,,,,,,,,,,,,,,,,,,,,,,,,,,,,20,,,40,,,,,,,,,,,,,,,,,,,,,
Musculoskeletal system diseases,OP/ASC or Office Procedure,PPI_PR_PROC_P509,Fracture/dislocation treatment knee,,,,,,,,,,,,,,,,,,,,,,,,,,,,,,,,,,,,,,,,,,,,,,,,,20,,,,,,,,,,,,,,,,,,,,,,,,
Musculoskeletal system diseases,OP/ASC or Office Procedure,PPI_PR_PROC_P508,Fracture/dislocation treatment lower leg/ankle/foot,,08,,,,,,,,,,,,,,,,,,23,,,,,,,,,,,,,,,,,,,,,,,,,,,,48,20,,,,,,,,,,,,,,,,,,,,,,,,
Musculoskeletal system diseases,OP/ASC or Office Procedure,PPI_PR_PROC_P513,Lumbar and sacral spine injection,,,,,,,,,,,,,,,,,,,,,,,,,,,,,,,,,,,,,,,,,,05,09,72,25,,14,,20,,,,,,,,,,,,,,,,,,,,,,,,
Musculoskeletal system diseases,OP/ASC Procedure,PPI_OP_PROC_P211,Knee arthroscopy,,,,,,,,,,,,,,,,,,,,,,,,,,,,,,,,,,,,,,,,,,,,,,,,,20,,,,,,,,,,,,,,,,,,,,,,,,
Musculoskeletal system diseases,OP/ASC Procedure,PPI_OP_PROC_P214,Shoulder arthroscopy / rotator cuff repair,,,,,,,,,,,,,,,,,,,,,,,,,,,,,,,,,,,,,,,,,,,,,,,,,20,,,,,,,,,,,,,,,,,,,,,,,,
Nervous system diseases,Chronic Medical,PPI_CH_MED_Y100,Alzheimerís disease,01,08,11,37,38,50,89,97,,,,,,,,13,,,,,,,,,,,,,,,,,,,,,,,,,,,,,,,,,,,,,,,,,,,,,,,,,,,,,,,,,
Nervous system diseases,Chronic Medical,PPI_CH_MED_Y098,Essential tremor,01,08,11,,38,50,89,97,,,,,,,,13,,,,,,,,,,,,,,,,,,,,,,,,,,,,,,,,,,,,,,,,,,,,,,,,,,,,,,,,,
Nervous system diseases,Chronic Medical,PPI_CH_MED_Y117,Fibromyalgia and chronic pain and fatigue,01,08,11,,38,50,89,97,,,,,,,,13,,,,,,,,,,,,,,,,,,66,,,,,,,,,,,25,,,,,,,,,,,,,,,,,,,,,,,,,,,,
Nervous system diseases,Chronic Medical,PPI_CH_MED_Y104,Migraine and chronic headache,01,08,11,37,38,50,89,97,,,,,,,,13,,,,,,,,,,,,,,,,,,,,,,,,,,,,,,,,,,,,,,,,,,,,,,,,,,,,,,,,,
Nervous system diseases,Chronic Medical,PPI_CH_MED_Y090,Mobility Impairments,01,08,11,,38,50,89,97,,,,,,,,13,,,,,,,,,,,,,,,,,,,,,,,,,,,,,25,,,,,,,,,,,,,,,,,,,,,,,,,,,,
Nervous system diseases,Chronic Medical,PPI_CH_MED_Y101,Multiple sclerosis,01,08,11,,38,50,89,97,,,,,,,,13,,,,,,,,,,,,,,,,,,,,,,,,,,,,,,,,,,,,,,,,,,,,,,,,,,,,,,,,,
Nervous system diseases,Chronic Medical,PPI_CH_MED_Y096,Parkinsons ds,01,08,11,,38,50,89,97,,,,,,,,13,,,,,,,,,,,,,,,,,,,,,,,,,,,,,,,,,,,,,,,,,,,,,,,,,,,,,,,,,
Nervous system diseases,Chronic Medical,PPI_CH_MED_Y095,Polyneuropathy etoh/cancer/other,01,08,11,,38,50,89,97,,,,,,,,13,,,,,,,,,,,,,,,,,,,,,,,,,,,,,,,,,,,,,,,,,,,,,,,,,,,,,,,,,
Nervous system diseases,Chronic Medical,PPI_CH_MED_Y111,Polyneuropathy heriditary,01,08,11,,38,50,89,97,,,,,,,,13,,,,,,,,,,,,,,,,,,,,,,,,,,,,,,,,,,,,,,,,,,,,,,,,,,,,,,,,,
Nervous system diseases,Chronic Medical,PPI_CH_MED_Y067,Restless legs syndrome,01,08,11,,38,50,89,97,,,,,,,,13,,,,,,,,,,,,,,,,,,,,,,,,,,,,,,,,,,,,,,,,,,,,,,,,,,,,,,,,,
Nervous system diseases,Chronic Medical,PPI_CH_MED_Y103,Seizures convulsions epilipsy,01,08,11,,38,50,89,97,,,,,,,,13,,,,,,,,,,,,,,,,,,,,,,,,,,,,,,,,,,,,,,,,,,,,,,,,,,,,,,,,,
Nervous system diseases,Chronic Medical,PPI_CH_MED_Y107,Sleep apnea,01,08,11,,38,50,89,97,,,,,,,,13,,,,,,,,,,,,29,,,,,,,,,,,,,,,,,,,,,,,,,,,,,,,,,,,,,,,,,,,,,
Nervous system diseases,IP Medical,PPI_IP_MED_M005,Stroke,01,08,11,,38,,,,C6,,,,,,,13,,,,,,,,,,,,,,,,,,,,,,,,,,,,,,,,,,,,,,,,,,,,,,,,,,,,,,,,,
Nervous system diseases,IP Medical,PPI_IP_MED_M006,Transient ischemia,01,08,11,,38,,,,C6,,,,,,,13,,,,,,,,,,,,,,,,,,,,,,,,,,,,,,,,,,,,,,,,,,,,,,,,,,,,,,,,,
Nervous system diseases,IP Medical,PPI_IP_MED_M009,Traumatic stupor & coma,01,08,11,37,38,,,,C6,,,,,,,13,,,,,,,,,,,,,,,,,,,,,,,,,,,,,,02,,,,,,,,,,,,,,,,,,,,,,,,,,,
Nervous system diseases,IP Medical,PPI_IP_MED_M011,Headaches,01,08,11,37,38,,,,C6,,,,,,,13,,,,,,,,,,,,,,,,,,,,,,,,,,,,,,,,,,,,,,,,,,,,,,,,,,,,,,,,,
Nervous system diseases,IP Medical,PPI_IP_MED_M010,Seizures,01,08,11,37,38,,,,C6,,,,,,,13,,,,,,,,,,,,,,,,,,,,,,,,,,,,,,,,,,,,,,,,,,,,,,,,,,,,,,,,,
Nervous system diseases,IP Procedure,PPI_IP_PROC_P09,Craniotomy,,,,,,,,,,,,,,,,,,,,,,,,,,,,,,,,,,,,,,,,,,,,,,,14,,,,,,,,,,,,,,,,,,,,,,,,,,
Nervous system diseases,IP Procedure,PPI_IP_PROC_P10,Carotid Revascularization,,,,,,,,,,,,,,,,,,,,,,,,,,,,,,,,,,,,,,,,,,,,,,02,,,,,,,,,77,,,,,,,,,,,,,,,,,,
Nervous system diseases,OP Acute Medical,PPI_AC_MED_X519,Carpal tunnel & related syndromes,01,08,11,,38,50,89,97,,,,,,,,13,,,,23,,,,,,,,,,,,,,,,,,,,,,,,,,,,,20,,,40,,,,,,,,,,,,,,,,,,,,,
Nervous system diseases,OP Acute Medical,PPI_AC_MED_X107,Encephalopathy,01,08,11,,38,50,89,97,,,,,,,,13,,,,,,,,,,,,,,,,,,,,,,,,,,,,,,,,,,,,,,,,,,,,,,,,,,,,,,,,,
Nervous system diseases,OP Acute Medical,PPI_AC_MED_X097,Head injury,01,08,11,37,38,50,89,97,,,,,,,,13,,,,23,,,,,,,,,,,,,,,,,,,,,,,,,,,,,,,,,,,,,,,,,,,,,,,,,,,,,
Nervous system diseases,OP Acute Medical,PPI_AC_MED_X569,Hypersomnia,01,08,11,,38,50,89,97,,,,,,,,13,,,,,,,,,,,,29,,,,,,,,,,,,,,,,,,,,,,,,,,,,,,,,,,,,,,,,,,,,,
Nervous system diseases,OP Acute Medical,PPI_AC_MED_X103,Mononeuritis multiplex and related,01,08,11,,38,50,89,97,,,,,,,,13,,,,,,,,,,,,,,,,,,,,,,,,,,,,,,,,48,20,,,,,,,,,,,,,,,,,,,,,,,,
Nervous system diseases,OP Acute Medical,PPI_AC_MED_X522,Myopathy,01,08,11,,38,50,89,97,,,,06,,,,13,,,,,,,,,,,,,,,,,,66,,,,,,,,,,,,,,,,,,,,,,,,,,,,,,,,,,,,,,,
Nervous system diseases,OP Acute Medical,PPI_AC_MED_X516,Transient ischemic attack,01,08,11,,38,50,89,97,,,,,,,,13,,,,,,,,,,,,,,,,,,,,,,,,,,,,,,,,,,,,,,,,,,,,,,,,,,,,,,,,,
Respiratory system diseases,Chronic Medical,PPI_CH_MED_Y174,Allergic/chronic nasopharyngitis,01,08,11,37,38,50,89,97,,03,04,,,,,,,,,,,,,,,,,,,,,,,,,,,,,,,,,,,,,,,,,,,,,,,,,,,,,,,,,,,,,,
Respiratory system diseases,Chronic Medical,PPI_CH_MED_Y180,Asthma,01,08,11,37,38,50,89,97,,03,,,,,,,,,,,,,,,,,,29,,,,,,,,,,,,,,,,,,,,,,,,,,,,,,,,,,,,,,,,,,,,,
Respiratory system diseases,Chronic Medical,PPI_CH_MED_Y184,Chronic alveolar/interstitial disease,01,08,11,37,38,50,89,97,,,,,,,,,,,,,,,,,,,,29,,,,,,,,,,,,,,,,,,,,,,,,,,,,,,,,,,,,,,,,,,,,,
Respiratory system diseases,Chronic Medical,PPI_CH_MED_Y179,Chronic Obstructive Pulmonary Disease,01,08,11,,38,50,89,97,,,,,,,,,,,,,,,,,,,,29,,,,,,,,,,,,,,,,,,,,,,,,,,,,,,,,,,,,,,,,,,,,,
Respiratory system diseases,Chronic Medical,PPI_CH_MED_Y186,Chronic respiratory failure,01,08,11,,38,50,89,97,,,,,,,,,,,,,,,,,,,,29,,,,,,,,,,,,,,,,,,,,,,,,,,,,,,,,,,,,,,,,,,,,,
Respiratory system diseases,Chronic Medical,PPI_CH_MED_Y175,Chronic sinusitis,01,08,11,37,38,50,89,97,,03,04,,,,,,,,,,,,,,,,,29,,,,,,,,,,,,,,,,,,,,,,,,,,,,,,,,,,,,,,,,,,,,,
Respiratory system diseases,IP Medical,PPI_IP_MED_M023,Acute respiratory failure,01,08,11,37,38,,,,C6,,,,,,,,,,,,,,,,,,,29,,,,,,,,,,,,,,,,,,,,,,,,,,,,,,,,,,,,,,,,,,,,,
Respiratory system diseases,IP Medical,PPI_IP_MED_M024,"COPD, bronchitis/asthma",01,08,11,37,38,,,,C6,,,,,,,,,,,,,,,,,,,29,,,,,,,,,,,,,,,,,,,,,,,,,,,,,,,,,,,,,,,,,,,,,
Respiratory system diseases,IP Medical,PPI_IP_MED_M022,Major chest trauma,01,08,11,,38,,,,C6,,,,,,,,,,,,,,,,,,,29,,,,,,,,,,,,,,,,,,02,,,,,,,,,,,,,,,,,,,,,,,,,,,
Respiratory system diseases,IP Medical,PPI_IP_MED_M026,Pneumothorax,01,08,11,37,38,,,,C6,,,,,,,,,,,,,,,,,,,29,,,,,,,,,,,,,,,,,,02,,,,,,,,,,,,,,,,,,,,,,,,,,,
Respiratory system diseases,IP Medical,PPI_IP_MED_M020,Simple pneumonia and respiratory infections,01,08,11,37,38,,,,C6,,,,,,,,,,,,,,,,,,,29,,,,44,,,,,,,,,,,,,,,,,,,,,,,,,,,,,,,,,,,,,,,,,
Respiratory system diseases,IP Procedure,PPI_IP_PROC_P26,Lung resection,,,,,,,,,,,,,,,,,,,,,,,,,,,,29,,,,,,,,,,,,,,,,,,02,,,,,,,,33,,78,,,,,,,,,,,,,,,,,
Respiratory system diseases,OP Acute Medical,PPI_AC_MED_X166,Acute sinusitis,01,08,11,37,38,50,89,97,,03,04,,,,,,,,,,,,,,,,,29,,,,44,,,,,,,,,,,,,,,,,,,,,,,,,,,,,,,,,,,,,,,,,
Respiratory system diseases,OP Acute Medical,PPI_AC_MED_X165,Acute URI,01,08,11,37,38,50,89,97,,03,04,,,,,,,,,,,,,,,,,29,,,,,,,,,,,,,,,,,,,,,,,,,,,,,,,,,,,,,,,,,,,,,
Respiratory system diseases,OP Acute Medical,PPI_AC_MED_X170,Bronchitis/bronchiolitis,01,08,11,37,38,50,89,97,,,,,,,,,,,,,,,,,,,,29,,,,44,,,,,,,,,,,,,,,,,,,,,,,,,,,,,,,,,,,,,,,,,
Respiratory system diseases,OP Acute Medical,PPI_AC_MED_X172,Diseases of vocal cords and larynx,01,08,11,37,38,50,89,97,,,04,,,,,,,,,,,,,,,,,,,,,,,,,,,,,,,,,,,,,,,,,,,,,,,,,,,,,,,,,,,,,,
Respiratory system diseases,OP Acute Medical,PPI_AC_MED_X179,Idiopathic pulmonary fibrosis,01,08,11,,38,50,89,97,,,,,,,,,,,,,,,,,,,,29,,,,,,,,,,,,,,,,,,,,,,,,,,,,,,,,,,,,,,,,,,,,,
Respiratory system diseases,OP Acute Medical,PPI_AC_MED_X182,Pleural effusion,01,08,11,37,38,50,89,97,,,,,,,,,,,,,,,,,,,,29,,,,,,,,,,,,,,,,,,,,,,,,,,,,,,,,,,,,,,,,,,,,,
Respiratory system diseases,OP Acute Medical,PPI_AC_MED_X002,Pneumonia,01,08,11,37,38,50,89,97,,,,,,,,,,,,,,,,,,,,29,,,,44,,,,,,,,,,,,,,,,,,,,,,,,,,,,,,,,,,,,,,,,,
Respiratory system diseases,OP/ASC or Office Procedure,PPI_PR_PROC_P511,Endoscopic sinus surgery,,,,,,,,,,,04,,,,,,,,,,,,,,,,,,,,,,,,,,,,,,,,,,,,,,,,,,,,,,,,,,,,,,,,,,,,,,
Skin/subcutaneous diseases,Chronic Medical,PPI_CH_MED_Y208,Keratosis actinic/seborrheic,01,08,11,37,38,50,89,97,,,,,07,,,,,,,,,,,,,,,,,,,,,,,,,,,,,,,,,,,,,,,,,,,,,,,,,,,,,,,,,,,,
Skin/subcutaneous diseases,Chronic Medical,PPI_CH_MED_Y207,Psoriasis,01,08,11,37,38,50,89,97,,,,,07,,,,,,,,,,,,,,,,,,,,,,,,,,,,,,,,,,,,,,,,,,,,,,,,,,,,,,,,,,,,
Skin/subcutaneous diseases,Chronic Medical,PPI_CH_MED_Y212,Decubitus ulcer,01,08,11,,38,50,89,97,,,,,07,,,,,,,,,,,,,,,,,,,,,,,,,,,,,,,,,,,,,,,,,,,,,,,,,,,,,,,,,,,,
Skin/subcutaneous diseases,IP Medical,PPI_IP_MED_M066,Cellulitis,01,08,11,37,38,,,,C6,,,,,,,,,,,,,,,,,,,,,,,44,,,,,,,,,,,,,,,,,,,,,,,,,,,,,,,,,,,,,,,,,
Skin/subcutaneous diseases,IP or OP/ASC Procedure,PPI_IOP_PROC_P45,Mastectomy,,,,,,,,,,,,,,,,,,,,,,,,,,,,,,,,,,,,,,,,,,,,,,02,,,,,,,,,,,,,91,,,,,,,,,,,,,,
Skin/subcutaneous diseases,IP Procedure,PPI_IP_PROC_P44,Skin debridement or graft,,,,,,,,,,,,,,,,,,,,,,,,,,,,,,,,,,,,,,,,,,,,,,02,,48,20,24,,,,,,,,,,,,,,,,,,,,,,,
Skin/subcutaneous diseases,OP/ASC or Office Procedure,PPI_PR_PROC_P514,Excision of Malignant Skin Lesions,,,,,,,,,,,,,07,,,,,,,,,,,,,,,,,,,,,,,,,,,,,,,,,02,,,,24,,,,,,,,,,,,,D7,,,,,,,,,,
Skin/subcutaneous diseases,OP Acute Medical,PPI_AC_MED_X543,Acne,01,08,11,37,38,50,89,97,,,,,07,,,,,,,,,,,,,,,,,,,,,,,,,,,,,,,,,,,,,,,,,,,,,,,,,,,,,,,,,,,,
Skin/subcutaneous diseases,OP Acute Medical,PPI_AC_MED_X238,Allergic dermatitis urticaria,01,08,11,37,38,50,89,97,,03,,,07,,,,,,,,,,,,,,,,,,,,,,,,,,,,,,,,,,,,,,,,,,,,,,,,,,,,,,,,,,,,
Skin/subcutaneous diseases,OP Acute Medical,PPI_AC_MED_X235,Cellulitis face & neck,01,08,11,37,38,50,89,97,,,,,07,,,,,,,,,,,,,,,,,,,44,,,,,,,,,,,,,,,,,,,,,,,,,,,,,,,,,,,,,,,,,
Skin/subcutaneous diseases,OP Acute Medical,PPI_AC_MED_X028,"Cellulitis, trunk and extremities",01,08,11,37,38,50,89,97,,,,,07,,,,,,,,,,,,,,,,,,,44,,,,,,,,,,,,,,,,48,,,,,,,,,,,,,,,,,,,,,,,,,
Skin/subcutaneous diseases,OP Acute Medical,PPI_AC_MED_X233,Corns and calluses,01,08,11,37,38,50,89,97,,,,,07,,,,,,,,,,,,,,,,,,,,,,,,,,,,,,,,,,,48,,,,,,,,,,,,,,,,,,,,,,,,,
Skin/subcutaneous diseases,OP Acute Medical,PPI_AC_MED_X502,"Dermatophytosis foot, nail",01,08,11,37,38,50,89,97,,,,,07,,,,,,,,,,,,,,,,,,,,,,,,,,,,,,,,,,,48,,,,,,,,,,,,,,,,,,,,,,,,,
Skin/subcutaneous diseases,OP Acute Medical,PPI_AC_MED_X234,Disorders of pigmentation,01,08,11,37,38,50,89,97,,,,,07,,,,,,,,,,,,,,,,,,,,,,,,,,,,,,,,,,,,,,,,,,,,,,,,,,,,,,,,,,,,
Skin/subcutaneous diseases,OP Acute Medical,PPI_AC_MED_X242,Epidermal/sebaceous cyst,01,08,11,37,38,50,89,97,,,,,07,,,,,,,,,,,,,,,,,,,,,,,,,,,,,,,,,,,48,,,,,,,,,,,,,,,,,,,,,,,,,
Skin/subcutaneous diseases,OP Acute Medical,PPI_AC_MED_X237,Extrinsic/contact dermatitis (also sun/radiation),01,08,11,37,38,50,89,97,,,,,07,,,,,,,,,,,,,,,,,,,,,,,,,,,,,,,,,,,,,,,,,,,,,,,,,,,,,,,,,,,,
Skin/subcutaneous diseases,OP Acute Medical,PPI_AC_MED_X043,Herpes simplex infection,01,08,11,37,38,50,89,97,,,,,07,,,,,18,41,,,,,,,,,,,,,44,,,,,,,,,,,,,,,,,,,,,,,,,,,,,,,,,,,,,,,,,
Skin/subcutaneous diseases,OP Acute Medical,PPI_AC_MED_X240,Ingrown nail,01,08,11,37,38,50,89,97,,,,,07,,,,,,,,,,,,,,,,,,,,,,,,,,,,,,,,,,,48,,,,,,,,,,,,,,,,,,,,,,,,,
Skin/subcutaneous diseases,OP Acute Medical,PPI_AC_MED_X229,"LSC, prurigo, and pruritus",01,08,11,37,38,50,89,97,,,,,07,,,,,,,,,,,,,,,,,,,,,,,,,,,,,,,,,,,,,,,,,,,,,,,,,,,,,,,,,,,,
Skin/subcutaneous diseases,OP Acute Medical,PPI_AC_MED_X231,Rash,01,08,11,37,38,50,89,97,,,,,07,,,,,,,,,,,,,,,,,,,,,,,,,,,,,,,,,,,,,,,,,,,,,,,,,,,,,,,,,,,,
Skin/subcutaneous diseases,OP Acute Medical,PPI_AC_MED_X542,Seborrheic dermatitis,01,08,11,37,38,50,89,97,,,,,07,,,,,,,,,,,,,,,,,,,,,,,,,,,,,,,,,,,,,,,,,,,,,,,,,,,,,,,,,,,,
Skin/subcutaneous diseases,OP Acute Medical,PPI_AC_MED_X049,Shingles,01,08,11,37,38,50,89,97,,,,,07,,,,,18,41,,,,,,,,,,,,,44,,,,,,,,,,,,,,,,,,,,,,,,,,,,,,,,,,,,,,,,,
Skin/subcutaneous diseases,OP Acute Medical,PPI_AC_MED_X044,Viral warts,01,08,11,37,38,50,89,97,,,,,07,,,,,,,,,,,,,,,,,,,,,,,,,,,,,,,,,,,48,,,,,,,,,,,,,,,,,,,,,,,,,
Skin/subcutaneous diseases,OP/ASC Procedure,PPI_OP_PROC_P202,Breast reconstruction,,,,,,,,,,,,,,,,,,,,,,,,,,,,,,,,,,,,,,,,,,,,,,02,,,,24,,,,,,,,,,,,,,,,,,,,,,,
Skin/subcutaneous diseases,OP/ASC Procedure,PPI_OP_PROC_P212,Mammaplasty,,,,,,,,,,,,,,,,,,,,,,,,,,,,,,,,,,,,,,,,,,,,,,02,,,,24,,,,,,,,,,,,,,,,,,,,,,,
Perinatal care,Perinatal care,PPI_PERINATAL,Perinatal care,,,,,,,,,,,,,,,,,,,,,,,,,,,,,,,,,,,,,,,16,,,,,,,,,,,,,,,,,,,,,,,,,,,,,,,,,,
